[{"model": "testsuite.test", "pk": 1, "fields": {"topic": null, "title": "Math test", "description": "", "level": 2, "image": "covers/16-167695_math-clipart-notebook-clip-art-vector-image-first_i8Mvx5O.png"}}, {"model": "testsuite.question", "pk": 1, "fields": {"test": 1, "number": 1, "text": "2+2", "description": ""}}, {"model": "testsuite.question", "pk": 2, "fields": {"test": 1, "number": 2, "text": "3*3", "description": ""}}, {"model": "testsuite.question", "pk": 3, "fields": {"test": 1, "number": 3, "text": "log(0)", "description": ""}}, {"model": "testsuite.question", "pk": 4, "fields": {"test": 1, "number": 4, "text": "+inf + -inf", "description": ""}}, {"model": "testsuite.variant", "pk": 1, "fields": {"text": "3.14", "question": 1, "is_correct": false}}, {"model": "testsuite.variant", "pk": 2, "fields": {"text": "5", "question": 1, "is_correct": false}}, {"model": "testsuite.variant", "pk": 3, "fields": {"text": "4", "question": 1, "is_correct": true}}, {"model": "testsuite.variant", "pk": 4, "fields": {"text": "lots of", "question": 1, "is_correct": false}}, {"model": "testsuite.variant", "pk": 5, "fields": {"text": "5", "question": 2, "is_correct": false}}, {"model": "testsuite.variant", "pk": 6, "fields": {"text": "9", "question": 2, "is_correct": true}}, {"model": "testsuite.variant", "pk": 7, "fields": {"text": "17", "question": 2, "is_correct": false}}, {"model": "testsuite.variant", "pk": 8, "fields": {"text": "-1", "question": 2, "is_correct": false}}, {"model": "testsuite.variant", "pk": 9, "fields": {"text": "-1", "question": 3, "is_correct": false}}, {"model": "testsuite.variant", "pk": 10, "fields": {"text": "mistake", "question": 3, "is_correct": false}}, {"model": "testsuite.variant", "pk": 11, "fields": {"text": "0", "question": 3, "is_correct": true}}, {"model": "testsuite.variant", "pk": 12, "fields": {"text": "0", "question": 4, "is_correct": false}}, {"model": "testsuite.variant", "pk": 13, "fields": {"text": "mistake", "question": 4, "is_correct": false}}, {"model": "testsuite.variant", "pk": 14, "fields": {"text": "inf", "question": 4, "is_correct": true}}, {"model": "testsuite.variant", "pk": 15, "fields": {"text": "-1", "question": 4, "is_correct": false}}, {"model": "testsuite.testresultdetail", "pk": 1, "fields": {"test_result": 1, "question": 1, "variant": 1, "is_correct": 1}}, {"model": "testsuite.testresultdetail", "pk": 2, "fields": {"test_result": 1, "question": 1, "variant": 2, "is_correct": 1}}, {"model": "testsuite.testresultdetail", "pk": 3, "fields": {"test_result": 1, "question": 1, "variant": 3, "is_correct": 1}}, {"model": "testsuite.testresultdetail", "pk": 4, "fields": {"test_result": 1, "question": 1, "variant": 4, "is_correct": 1}}, {"model": "testsuite.testresultdetail", "pk": 5, "fields": {"test_result": 1, "question": 2, "variant": 5, "is_correct": 1}}, {"model": "testsuite.testresultdetail", "pk": 6, "fields": {"test_result": 1, "question": 2, "variant": 6, "is_correct": 1}}, {"model": "testsuite.testresultdetail", "pk": 7, "fields": {"test_result": 1, "question": 2, "variant": 7, "is_correct": 1}}, {"model": "testsuite.testresultdetail", "pk": 8, "fields": {"test_result": 1, "question": 2, "variant": 8, "is_correct": 1}}, {"model": "testsuite.testresultdetail", "pk": 9, "fields": {"test_result": 1, "question": 3, "variant": 9, "is_correct": 1}}, {"model": "testsuite.testresultdetail", "pk": 10, "fields": {"test_result": 1, "question": 3, "variant": 10, "is_correct": 1}}, {"model": "testsuite.testresultdetail", "pk": 11, "fields": {"test_result": 1, "question": 3, "variant": 11, "is_correct": 1}}, {"model": "testsuite.testresultdetail", "pk": 12, "fields": {"test_result": 1, "question": 4, "variant": 12, "is_correct": 1}}, {"model": "testsuite.testresultdetail", "pk": 13, "fields": {"test_result": 1, "question": 4, "variant": 13, "is_correct": 1}}, {"model": "testsuite.testresultdetail", "pk": 14, "fields": {"test_result": 1, "question": 4, "variant": 14, "is_correct": 1}}, {"model": "testsuite.testresultdetail", "pk": 15, "fields": {"test_result": 1, "question": 4, "variant": 15, "is_correct": 1}}, {"model": "testsuite.testresultdetail", "pk": 16, "fields": {"test_result": 2, "question": 1, "variant": 1, "is_correct": 1}}, {"model": "testsuite.testresultdetail", "pk": 17, "fields": {"test_result": 2, "question": 1, "variant": 2, "is_correct": 1}}, {"model": "testsuite.testresultdetail", "pk": 18, "fields": {"test_result": 2, "question": 1, "variant": 3, "is_correct": 1}}, {"model": "testsuite.testresultdetail", "pk": 19, "fields": {"test_result": 2, "question": 1, "variant": 4, "is_correct": 1}}, {"model": "testsuite.testresultdetail", "pk": 20, "fields": {"test_result": 2, "question": 2, "variant": 5, "is_correct": 1}}, {"model": "testsuite.testresultdetail", "pk": 21, "fields": {"test_result": 2, "question": 2, "variant": 6, "is_correct": 1}}, {"model": "testsuite.testresultdetail", "pk": 22, "fields": {"test_result": 2, "question": 2, "variant": 7, "is_correct": 1}}, {"model": "testsuite.testresultdetail", "pk": 23, "fields": {"test_result": 2, "question": 2, "variant": 8, "is_correct": 1}}, {"model": "testsuite.testresultdetail", "pk": 24, "fields": {"test_result": 2, "question": 3, "variant": 9, "is_correct": 1}}, {"model": "testsuite.testresultdetail", "pk": 25, "fields": {"test_result": 2, "question": 3, "variant": 10, "is_correct": 0}}, {"model": "testsuite.testresultdetail", "pk": 26, "fields": {"test_result": 2, "question": 3, "variant": 11, "is_correct": 0}}, {"model": "testsuite.testresultdetail", "pk": 27, "fields": {"test_result": 2, "question": 4, "variant": 12, "is_correct": 1}}, {"model": "testsuite.testresultdetail", "pk": 28, "fields": {"test_result": 2, "question": 4, "variant": 13, "is_correct": 1}}, {"model": "testsuite.testresultdetail", "pk": 29, "fields": {"test_result": 2, "question": 4, "variant": 14, "is_correct": 0}}, {"model": "testsuite.testresultdetail", "pk": 30, "fields": {"test_result": 2, "question": 4, "variant": 15, "is_correct": 0}}, {"model": "testsuite.testresultdetail", "pk": 31, "fields": {"test_result": 3, "question": 1, "variant": 1, "is_correct": 1}}, {"model": "testsuite.testresultdetail", "pk": 32, "fields": {"test_result": 3, "question": 1, "variant": 2, "is_correct": 1}}, {"model": "testsuite.testresultdetail", "pk": 33, "fields": {"test_result": 3, "question": 1, "variant": 3, "is_correct": 1}}, {"model": "testsuite.testresultdetail", "pk": 34, "fields": {"test_result": 3, "question": 1, "variant": 4, "is_correct": 1}}, {"model": "testsuite.testresultdetail", "pk": 35, "fields": {"test_result": 3, "question": 2, "variant": 5, "is_correct": 1}}, {"model": "testsuite.testresultdetail", "pk": 36, "fields": {"test_result": 3, "question": 2, "variant": 6, "is_correct": 1}}, {"model": "testsuite.testresultdetail", "pk": 37, "fields": {"test_result": 3, "question": 2, "variant": 7, "is_correct": 1}}, {"model": "testsuite.testresultdetail", "pk": 38, "fields": {"test_result": 3, "question": 2, "variant": 8, "is_correct": 1}}, {"model": "testsuite.testresultdetail", "pk": 39, "fields": {"test_result": 3, "question": 3, "variant": 9, "is_correct": 1}}, {"model": "testsuite.testresultdetail", "pk": 40, "fields": {"test_result": 3, "question": 3, "variant": 10, "is_correct": 1}}, {"model": "testsuite.testresultdetail", "pk": 41, "fields": {"test_result": 3, "question": 3, "variant": 11, "is_correct": 1}}, {"model": "testsuite.testresultdetail", "pk": 42, "fields": {"test_result": 3, "question": 4, "variant": 12, "is_correct": 1}}, {"model": "testsuite.testresultdetail", "pk": 43, "fields": {"test_result": 3, "question": 4, "variant": 13, "is_correct": 1}}, {"model": "testsuite.testresultdetail", "pk": 44, "fields": {"test_result": 3, "question": 4, "variant": 14, "is_correct": 1}}, {"model": "testsuite.testresultdetail", "pk": 45, "fields": {"test_result": 3, "question": 4, "variant": 15, "is_correct": 1}}, {"model": "testsuite.testresultdetail", "pk": 46, "fields": {"test_result": 4, "question": 1, "variant": 1, "is_correct": 1}}, {"model": "testsuite.testresultdetail", "pk": 47, "fields": {"test_result": 4, "question": 1, "variant": 2, "is_correct": 1}}, {"model": "testsuite.testresultdetail", "pk": 48, "fields": {"test_result": 4, "question": 1, "variant": 3, "is_correct": 1}}, {"model": "testsuite.testresultdetail", "pk": 49, "fields": {"test_result": 4, "question": 1, "variant": 4, "is_correct": 1}}, {"model": "testsuite.testresultdetail", "pk": 50, "fields": {"test_result": 4, "question": 2, "variant": 5, "is_correct": 1}}, {"model": "testsuite.testresultdetail", "pk": 51, "fields": {"test_result": 4, "question": 2, "variant": 6, "is_correct": 1}}, {"model": "testsuite.testresultdetail", "pk": 52, "fields": {"test_result": 4, "question": 2, "variant": 7, "is_correct": 1}}, {"model": "testsuite.testresultdetail", "pk": 53, "fields": {"test_result": 4, "question": 2, "variant": 8, "is_correct": 1}}, {"model": "testsuite.testresultdetail", "pk": 54, "fields": {"test_result": 4, "question": 3, "variant": 9, "is_correct": 1}}, {"model": "testsuite.testresultdetail", "pk": 55, "fields": {"test_result": 4, "question": 3, "variant": 10, "is_correct": 1}}, {"model": "testsuite.testresultdetail", "pk": 56, "fields": {"test_result": 4, "question": 3, "variant": 11, "is_correct": 1}}, {"model": "testsuite.testresultdetail", "pk": 57, "fields": {"test_result": 4, "question": 4, "variant": 12, "is_correct": 1}}, {"model": "testsuite.testresultdetail", "pk": 58, "fields": {"test_result": 4, "question": 4, "variant": 13, "is_correct": 1}}, {"model": "testsuite.testresultdetail", "pk": 59, "fields": {"test_result": 4, "question": 4, "variant": 14, "is_correct": 1}}, {"model": "testsuite.testresultdetail", "pk": 60, "fields": {"test_result": 4, "question": 4, "variant": 15, "is_correct": 1}}, {"model": "testsuite.testresultdetail", "pk": 61, "fields": {"test_result": 6, "question": 1, "variant": 1, "is_correct": 1}}, {"model": "testsuite.testresultdetail", "pk": 62, "fields": {"test_result": 6, "question": 1, "variant": 2, "is_correct": 1}}, {"model": "testsuite.testresultdetail", "pk": 63, "fields": {"test_result": 6, "question": 1, "variant": 3, "is_correct": 1}}, {"model": "testsuite.testresultdetail", "pk": 64, "fields": {"test_result": 6, "question": 1, "variant": 4, "is_correct": 1}}, {"model": "testsuite.testresultdetail", "pk": 65, "fields": {"test_result": 6, "question": 2, "variant": 5, "is_correct": 1}}, {"model": "testsuite.testresultdetail", "pk": 66, "fields": {"test_result": 6, "question": 2, "variant": 6, "is_correct": 1}}, {"model": "testsuite.testresultdetail", "pk": 67, "fields": {"test_result": 6, "question": 2, "variant": 7, "is_correct": 1}}, {"model": "testsuite.testresultdetail", "pk": 68, "fields": {"test_result": 6, "question": 2, "variant": 8, "is_correct": 1}}, {"model": "testsuite.testresultdetail", "pk": 69, "fields": {"test_result": 6, "question": 3, "variant": 9, "is_correct": 1}}, {"model": "testsuite.testresultdetail", "pk": 70, "fields": {"test_result": 6, "question": 3, "variant": 10, "is_correct": 1}}, {"model": "testsuite.testresultdetail", "pk": 71, "fields": {"test_result": 6, "question": 3, "variant": 11, "is_correct": 1}}, {"model": "testsuite.testresultdetail", "pk": 72, "fields": {"test_result": 6, "question": 4, "variant": 12, "is_correct": 1}}, {"model": "testsuite.testresultdetail", "pk": 73, "fields": {"test_result": 6, "question": 4, "variant": 13, "is_correct": 1}}, {"model": "testsuite.testresultdetail", "pk": 74, "fields": {"test_result": 6, "question": 4, "variant": 14, "is_correct": 1}}, {"model": "testsuite.testresultdetail", "pk": 75, "fields": {"test_result": 6, "question": 4, "variant": 15, "is_correct": 1}}, {"model": "testsuite.testresultdetail", "pk": 76, "fields": {"test_result": 7, "question": 1, "variant": 1, "is_correct": 1}}, {"model": "testsuite.testresultdetail", "pk": 77, "fields": {"test_result": 7, "question": 1, "variant": 2, "is_correct": 1}}, {"model": "testsuite.testresultdetail", "pk": 78, "fields": {"test_result": 7, "question": 1, "variant": 3, "is_correct": 1}}, {"model": "testsuite.testresultdetail", "pk": 79, "fields": {"test_result": 7, "question": 1, "variant": 4, "is_correct": 1}}, {"model": "testsuite.testresultdetail", "pk": 80, "fields": {"test_result": 7, "question": 2, "variant": 5, "is_correct": 1}}, {"model": "testsuite.testresultdetail", "pk": 81, "fields": {"test_result": 7, "question": 2, "variant": 6, "is_correct": 1}}, {"model": "testsuite.testresultdetail", "pk": 82, "fields": {"test_result": 7, "question": 2, "variant": 7, "is_correct": 1}}, {"model": "testsuite.testresultdetail", "pk": 83, "fields": {"test_result": 7, "question": 2, "variant": 8, "is_correct": 1}}, {"model": "testsuite.testresultdetail", "pk": 84, "fields": {"test_result": 7, "question": 3, "variant": 9, "is_correct": 1}}, {"model": "testsuite.testresultdetail", "pk": 85, "fields": {"test_result": 7, "question": 3, "variant": 10, "is_correct": 0}}, {"model": "testsuite.testresultdetail", "pk": 86, "fields": {"test_result": 7, "question": 3, "variant": 11, "is_correct": 0}}, {"model": "testsuite.testresultdetail", "pk": 87, "fields": {"test_result": 7, "question": 4, "variant": 12, "is_correct": 1}}, {"model": "testsuite.testresultdetail", "pk": 88, "fields": {"test_result": 7, "question": 4, "variant": 13, "is_correct": 1}}, {"model": "testsuite.testresultdetail", "pk": 89, "fields": {"test_result": 7, "question": 4, "variant": 14, "is_correct": 1}}, {"model": "testsuite.testresultdetail", "pk": 90, "fields": {"test_result": 7, "question": 4, "variant": 15, "is_correct": 1}}, {"model": "testsuite.testresultdetail", "pk": 91, "fields": {"test_result": 9, "question": 1, "variant": 1, "is_correct": 1}}, {"model": "testsuite.testresultdetail", "pk": 92, "fields": {"test_result": 9, "question": 1, "variant": 2, "is_correct": 1}}, {"model": "testsuite.testresultdetail", "pk": 93, "fields": {"test_result": 9, "question": 1, "variant": 3, "is_correct": 1}}, {"model": "testsuite.testresultdetail", "pk": 94, "fields": {"test_result": 9, "question": 1, "variant": 4, "is_correct": 1}}, {"model": "testsuite.testresultdetail", "pk": 95, "fields": {"test_result": 9, "question": 2, "variant": 5, "is_correct": 1}}, {"model": "testsuite.testresultdetail", "pk": 96, "fields": {"test_result": 9, "question": 2, "variant": 6, "is_correct": 1}}, {"model": "testsuite.testresultdetail", "pk": 97, "fields": {"test_result": 9, "question": 2, "variant": 7, "is_correct": 1}}, {"model": "testsuite.testresultdetail", "pk": 98, "fields": {"test_result": 9, "question": 2, "variant": 8, "is_correct": 1}}, {"model": "testsuite.testresultdetail", "pk": 99, "fields": {"test_result": 9, "question": 3, "variant": 9, "is_correct": 1}}, {"model": "testsuite.testresultdetail", "pk": 100, "fields": {"test_result": 9, "question": 3, "variant": 10, "is_correct": 1}}, {"model": "testsuite.testresultdetail", "pk": 101, "fields": {"test_result": 9, "question": 3, "variant": 11, "is_correct": 1}}, {"model": "testsuite.testresultdetail", "pk": 102, "fields": {"test_result": 9, "question": 4, "variant": 12, "is_correct": 1}}, {"model": "testsuite.testresultdetail", "pk": 103, "fields": {"test_result": 9, "question": 4, "variant": 13, "is_correct": 1}}, {"model": "testsuite.testresultdetail", "pk": 104, "fields": {"test_result": 9, "question": 4, "variant": 14, "is_correct": 1}}, {"model": "testsuite.testresultdetail", "pk": 105, "fields": {"test_result": 9, "question": 4, "variant": 15, "is_correct": 1}}, {"model": "testsuite.testresultdetail", "pk": 106, "fields": {"test_result": 10, "question": 1, "variant": 1, "is_correct": 1}}, {"model": "testsuite.testresultdetail", "pk": 107, "fields": {"test_result": 10, "question": 1, "variant": 2, "is_correct": 1}}, {"model": "testsuite.testresultdetail", "pk": 108, "fields": {"test_result": 10, "question": 1, "variant": 3, "is_correct": 1}}, {"model": "testsuite.testresultdetail", "pk": 109, "fields": {"test_result": 10, "question": 1, "variant": 4, "is_correct": 1}}, {"model": "testsuite.testresultdetail", "pk": 110, "fields": {"test_result": 10, "question": 2, "variant": 5, "is_correct": 1}}, {"model": "testsuite.testresultdetail", "pk": 111, "fields": {"test_result": 10, "question": 2, "variant": 6, "is_correct": 1}}, {"model": "testsuite.testresultdetail", "pk": 112, "fields": {"test_result": 10, "question": 2, "variant": 7, "is_correct": 1}}, {"model": "testsuite.testresultdetail", "pk": 113, "fields": {"test_result": 10, "question": 2, "variant": 8, "is_correct": 1}}, {"model": "testsuite.testresultdetail", "pk": 114, "fields": {"test_result": 10, "question": 3, "variant": 9, "is_correct": 1}}, {"model": "testsuite.testresultdetail", "pk": 115, "fields": {"test_result": 10, "question": 3, "variant": 10, "is_correct": 1}}, {"model": "testsuite.testresultdetail", "pk": 116, "fields": {"test_result": 10, "question": 3, "variant": 11, "is_correct": 1}}, {"model": "testsuite.testresultdetail", "pk": 117, "fields": {"test_result": 10, "question": 4, "variant": 12, "is_correct": 1}}, {"model": "testsuite.testresultdetail", "pk": 118, "fields": {"test_result": 10, "question": 4, "variant": 13, "is_correct": 1}}, {"model": "testsuite.testresultdetail", "pk": 119, "fields": {"test_result": 10, "question": 4, "variant": 14, "is_correct": 1}}, {"model": "testsuite.testresultdetail", "pk": 120, "fields": {"test_result": 10, "question": 4, "variant": 15, "is_correct": 1}}, {"model": "testsuite.testresultdetail", "pk": 121, "fields": {"test_result": 11, "question": 1, "variant": 1, "is_correct": 1}}, {"model": "testsuite.testresultdetail", "pk": 122, "fields": {"test_result": 11, "question": 1, "variant": 2, "is_correct": 1}}, {"model": "testsuite.testresultdetail", "pk": 123, "fields": {"test_result": 11, "question": 1, "variant": 3, "is_correct": 1}}, {"model": "testsuite.testresultdetail", "pk": 124, "fields": {"test_result": 11, "question": 1, "variant": 4, "is_correct": 1}}, {"model": "testsuite.testresultdetail", "pk": 125, "fields": {"test_result": 11, "question": 2, "variant": 5, "is_correct": 1}}, {"model": "testsuite.testresultdetail", "pk": 126, "fields": {"test_result": 11, "question": 2, "variant": 6, "is_correct": 1}}, {"model": "testsuite.testresultdetail", "pk": 127, "fields": {"test_result": 11, "question": 2, "variant": 7, "is_correct": 1}}, {"model": "testsuite.testresultdetail", "pk": 128, "fields": {"test_result": 11, "question": 2, "variant": 8, "is_correct": 1}}, {"model": "testsuite.testresultdetail", "pk": 129, "fields": {"test_result": 11, "question": 3, "variant": 9, "is_correct": 1}}, {"model": "testsuite.testresultdetail", "pk": 130, "fields": {"test_result": 11, "question": 3, "variant": 10, "is_correct": 0}}, {"model": "testsuite.testresultdetail", "pk": 131, "fields": {"test_result": 11, "question": 3, "variant": 11, "is_correct": 0}}, {"model": "testsuite.testresultdetail", "pk": 132, "fields": {"test_result": 11, "question": 4, "variant": 12, "is_correct": 1}}, {"model": "testsuite.testresultdetail", "pk": 133, "fields": {"test_result": 11, "question": 4, "variant": 13, "is_correct": 1}}, {"model": "testsuite.testresultdetail", "pk": 134, "fields": {"test_result": 11, "question": 4, "variant": 14, "is_correct": 1}}, {"model": "testsuite.testresultdetail", "pk": 135, "fields": {"test_result": 11, "question": 4, "variant": 15, "is_correct": 1}}, {"model": "testsuite.testresultdetail", "pk": 136, "fields": {"test_result": 12, "question": 1, "variant": 1, "is_correct": 1}}, {"model": "testsuite.testresultdetail", "pk": 137, "fields": {"test_result": 12, "question": 1, "variant": 2, "is_correct": 1}}, {"model": "testsuite.testresultdetail", "pk": 138, "fields": {"test_result": 12, "question": 1, "variant": 3, "is_correct": 1}}, {"model": "testsuite.testresultdetail", "pk": 139, "fields": {"test_result": 12, "question": 1, "variant": 4, "is_correct": 1}}, {"model": "testsuite.testresultdetail", "pk": 140, "fields": {"test_result": 12, "question": 2, "variant": 5, "is_correct": 1}}, {"model": "testsuite.testresultdetail", "pk": 141, "fields": {"test_result": 12, "question": 2, "variant": 6, "is_correct": 1}}, {"model": "testsuite.testresultdetail", "pk": 142, "fields": {"test_result": 12, "question": 2, "variant": 7, "is_correct": 1}}, {"model": "testsuite.testresultdetail", "pk": 143, "fields": {"test_result": 12, "question": 2, "variant": 8, "is_correct": 1}}, {"model": "testsuite.testresultdetail", "pk": 144, "fields": {"test_result": 12, "question": 3, "variant": 9, "is_correct": 0}}, {"model": "testsuite.testresultdetail", "pk": 145, "fields": {"test_result": 12, "question": 3, "variant": 10, "is_correct": 1}}, {"model": "testsuite.testresultdetail", "pk": 146, "fields": {"test_result": 12, "question": 3, "variant": 11, "is_correct": 0}}, {"model": "testsuite.testresultdetail", "pk": 147, "fields": {"test_result": 12, "question": 4, "variant": 12, "is_correct": 1}}, {"model": "testsuite.testresultdetail", "pk": 148, "fields": {"test_result": 12, "question": 4, "variant": 13, "is_correct": 1}}, {"model": "testsuite.testresultdetail", "pk": 149, "fields": {"test_result": 12, "question": 4, "variant": 14, "is_correct": 1}}, {"model": "testsuite.testresultdetail", "pk": 150, "fields": {"test_result": 12, "question": 4, "variant": 15, "is_correct": 1}}, {"model": "testsuite.testresultdetail", "pk": 151, "fields": {"test_result": 13, "question": 1, "variant": 1, "is_correct": 1}}, {"model": "testsuite.testresultdetail", "pk": 152, "fields": {"test_result": 13, "question": 1, "variant": 2, "is_correct": 1}}, {"model": "testsuite.testresultdetail", "pk": 153, "fields": {"test_result": 13, "question": 1, "variant": 3, "is_correct": 1}}, {"model": "testsuite.testresultdetail", "pk": 154, "fields": {"test_result": 13, "question": 1, "variant": 4, "is_correct": 1}}, {"model": "testsuite.testresultdetail", "pk": 155, "fields": {"test_result": 13, "question": 2, "variant": 5, "is_correct": 1}}, {"model": "testsuite.testresultdetail", "pk": 156, "fields": {"test_result": 13, "question": 2, "variant": 6, "is_correct": 1}}, {"model": "testsuite.testresultdetail", "pk": 157, "fields": {"test_result": 13, "question": 2, "variant": 7, "is_correct": 1}}, {"model": "testsuite.testresultdetail", "pk": 158, "fields": {"test_result": 13, "question": 2, "variant": 8, "is_correct": 1}}, {"model": "testsuite.testresultdetail", "pk": 159, "fields": {"test_result": 13, "question": 3, "variant": 9, "is_correct": 1}}, {"model": "testsuite.testresultdetail", "pk": 160, "fields": {"test_result": 13, "question": 3, "variant": 10, "is_correct": 1}}, {"model": "testsuite.testresultdetail", "pk": 161, "fields": {"test_result": 13, "question": 3, "variant": 11, "is_correct": 1}}, {"model": "testsuite.testresultdetail", "pk": 162, "fields": {"test_result": 13, "question": 4, "variant": 12, "is_correct": 1}}, {"model": "testsuite.testresultdetail", "pk": 163, "fields": {"test_result": 13, "question": 4, "variant": 13, "is_correct": 1}}, {"model": "testsuite.testresultdetail", "pk": 164, "fields": {"test_result": 13, "question": 4, "variant": 14, "is_correct": 1}}, {"model": "testsuite.testresultdetail", "pk": 165, "fields": {"test_result": 13, "question": 4, "variant": 15, "is_correct": 1}}, {"model": "testsuite.testresultdetail", "pk": 166, "fields": {"test_result": 14, "question": 1, "variant": 1, "is_correct": 1}}, {"model": "testsuite.testresultdetail", "pk": 167, "fields": {"test_result": 14, "question": 1, "variant": 2, "is_correct": 1}}, {"model": "testsuite.testresultdetail", "pk": 168, "fields": {"test_result": 14, "question": 1, "variant": 3, "is_correct": 1}}, {"model": "testsuite.testresultdetail", "pk": 169, "fields": {"test_result": 14, "question": 1, "variant": 4, "is_correct": 1}}, {"model": "testsuite.testresultdetail", "pk": 170, "fields": {"test_result": 14, "question": 2, "variant": 5, "is_correct": 1}}, {"model": "testsuite.testresultdetail", "pk": 171, "fields": {"test_result": 14, "question": 2, "variant": 6, "is_correct": 1}}, {"model": "testsuite.testresultdetail", "pk": 172, "fields": {"test_result": 14, "question": 2, "variant": 7, "is_correct": 1}}, {"model": "testsuite.testresultdetail", "pk": 173, "fields": {"test_result": 14, "question": 2, "variant": 8, "is_correct": 1}}, {"model": "testsuite.testresultdetail", "pk": 174, "fields": {"test_result": 14, "question": 3, "variant": 9, "is_correct": 0}}, {"model": "testsuite.testresultdetail", "pk": 175, "fields": {"test_result": 14, "question": 3, "variant": 10, "is_correct": 1}}, {"model": "testsuite.testresultdetail", "pk": 176, "fields": {"test_result": 14, "question": 3, "variant": 11, "is_correct": 0}}, {"model": "testsuite.testresultdetail", "pk": 177, "fields": {"test_result": 14, "question": 4, "variant": 12, "is_correct": 0}}, {"model": "testsuite.testresultdetail", "pk": 178, "fields": {"test_result": 14, "question": 4, "variant": 13, "is_correct": 1}}, {"model": "testsuite.testresultdetail", "pk": 179, "fields": {"test_result": 14, "question": 4, "variant": 14, "is_correct": 0}}, {"model": "testsuite.testresultdetail", "pk": 180, "fields": {"test_result": 14, "question": 4, "variant": 15, "is_correct": 1}}, {"model": "testsuite.testresultdetail", "pk": 181, "fields": {"test_result": 15, "question": 1, "variant": 1, "is_correct": 1}}, {"model": "testsuite.testresultdetail", "pk": 182, "fields": {"test_result": 15, "question": 1, "variant": 2, "is_correct": 1}}, {"model": "testsuite.testresultdetail", "pk": 183, "fields": {"test_result": 15, "question": 1, "variant": 3, "is_correct": 1}}, {"model": "testsuite.testresultdetail", "pk": 184, "fields": {"test_result": 15, "question": 1, "variant": 4, "is_correct": 1}}, {"model": "testsuite.testresultdetail", "pk": 185, "fields": {"test_result": 15, "question": 2, "variant": 5, "is_correct": 1}}, {"model": "testsuite.testresultdetail", "pk": 186, "fields": {"test_result": 15, "question": 2, "variant": 6, "is_correct": 1}}, {"model": "testsuite.testresultdetail", "pk": 187, "fields": {"test_result": 15, "question": 2, "variant": 7, "is_correct": 1}}, {"model": "testsuite.testresultdetail", "pk": 188, "fields": {"test_result": 15, "question": 2, "variant": 8, "is_correct": 1}}, {"model": "testsuite.testresultdetail", "pk": 189, "fields": {"test_result": 15, "question": 3, "variant": 9, "is_correct": 0}}, {"model": "testsuite.testresultdetail", "pk": 190, "fields": {"test_result": 15, "question": 3, "variant": 10, "is_correct": 0}}, {"model": "testsuite.testresultdetail", "pk": 191, "fields": {"test_result": 15, "question": 3, "variant": 11, "is_correct": 0}}, {"model": "testsuite.testresultdetail", "pk": 192, "fields": {"test_result": 15, "question": 4, "variant": 12, "is_correct": 1}}, {"model": "testsuite.testresultdetail", "pk": 193, "fields": {"test_result": 15, "question": 4, "variant": 13, "is_correct": 1}}, {"model": "testsuite.testresultdetail", "pk": 194, "fields": {"test_result": 15, "question": 4, "variant": 14, "is_correct": 1}}, {"model": "testsuite.testresultdetail", "pk": 195, "fields": {"test_result": 15, "question": 4, "variant": 15, "is_correct": 1}}, {"model": "testsuite.testresultdetail", "pk": 196, "fields": {"test_result": 16, "question": 1, "variant": 1, "is_correct": 1}}, {"model": "testsuite.testresultdetail", "pk": 197, "fields": {"test_result": 16, "question": 1, "variant": 2, "is_correct": 1}}, {"model": "testsuite.testresultdetail", "pk": 198, "fields": {"test_result": 16, "question": 1, "variant": 3, "is_correct": 1}}, {"model": "testsuite.testresultdetail", "pk": 199, "fields": {"test_result": 16, "question": 1, "variant": 4, "is_correct": 1}}, {"model": "testsuite.testresultdetail", "pk": 200, "fields": {"test_result": 16, "question": 2, "variant": 5, "is_correct": 1}}, {"model": "testsuite.testresultdetail", "pk": 201, "fields": {"test_result": 16, "question": 2, "variant": 6, "is_correct": 1}}, {"model": "testsuite.testresultdetail", "pk": 202, "fields": {"test_result": 16, "question": 2, "variant": 7, "is_correct": 1}}, {"model": "testsuite.testresultdetail", "pk": 203, "fields": {"test_result": 16, "question": 2, "variant": 8, "is_correct": 1}}, {"model": "testsuite.testresultdetail", "pk": 204, "fields": {"test_result": 16, "question": 3, "variant": 9, "is_correct": 1}}, {"model": "testsuite.testresultdetail", "pk": 205, "fields": {"test_result": 16, "question": 3, "variant": 10, "is_correct": 1}}, {"model": "testsuite.testresultdetail", "pk": 206, "fields": {"test_result": 16, "question": 3, "variant": 11, "is_correct": 1}}, {"model": "testsuite.testresultdetail", "pk": 207, "fields": {"test_result": 16, "question": 4, "variant": 12, "is_correct": 1}}, {"model": "testsuite.testresultdetail", "pk": 208, "fields": {"test_result": 16, "question": 4, "variant": 13, "is_correct": 1}}, {"model": "testsuite.testresultdetail", "pk": 209, "fields": {"test_result": 16, "question": 4, "variant": 14, "is_correct": 1}}, {"model": "testsuite.testresultdetail", "pk": 210, "fields": {"test_result": 16, "question": 4, "variant": 15, "is_correct": 1}}, {"model": "user_account.user", "pk": 1, "fields": {"password": "pbkdf2_sha256$180000$QQurIos9wSKN$Oxm59gypfvmoyd20eDNSecw/w/NrOpOz9gocDiw29hA=", "last_login": "2020-11-29T15:25:35.803Z", "is_superuser": true, "username": "admin", "first_name": "", "last_name": "", "email": "yuraskakun1@gmail.com", "is_staff": true, "is_active": true, "date_joined": "2020-11-14T18:31:49.113Z", "image": "pics/photo_2019-11-18_08-05-59_6hQRycB.jpg", "avr_score": "91.67", "number_tests_passed": 0, "percent_success": "0.00", "location": "", "birth_date": "2020-11-14", "correct_answers_count": 11, "total_questions": 12, "groups": [], "user_permissions": []}}, {"model": "user_account.user", "pk": 2, "fields": {"password": "pbkdf2_sha256$180000$1XIZXANeO6pA$sRqDqKmuVeiowdFoV/ypDnG6NEUP4VAtljjKj3Q7cNs=", "last_login": "2020-11-26T15:08:14.415Z", "is_superuser": false, "username": "OstapSk", "first_name": "Ostap", "last_name": "Skakun", "email": "", "is_staff": false, "is_active": true, "date_joined": "2020-11-20T18:09:33.720Z", "image": "pics/ostap.jpg", "avr_score": "84.09", "number_tests_passed": 0, "percent_success": "0.00", "location": "", "birth_date": "2020-11-20", "correct_answers_count": 37, "total_questions": 44, "groups": [], "user_permissions": []}}, {"model": "testsuite.testresult", "pk": 1, "fields": {"user": 2, "test": 1, "datetime_run": "2020-11-20T18:10:16.175Z", "is_completed": true, "is_new": false, "avr_score": "4.00"}}, {"model": "testsuite.testresult", "pk": 2, "fields": {"user": 2, "test": 1, "datetime_run": "2020-11-21T16:48:59.604Z", "is_completed": true, "is_new": false, "avr_score": "2.83"}}, {"model": "testsuite.testresult", "pk": 3, "fields": {"user": 2, "test": 1, "datetime_run": "2020-11-21T16:53:24.646Z", "is_completed": true, "is_new": false, "avr_score": "4.00"}}, {"model": "testsuite.testresult", "pk": 4, "fields": {"user": 2, "test": 1, "datetime_run": "2020-11-22T17:50:40.775Z", "is_completed": true, "is_new": false, "avr_score": "4.00"}}, {"model": "testsuite.testresult", "pk": 5, "fields": {"user": 2, "test": 1, "datetime_run": "2020-11-22T17:52:26.404Z", "is_completed": false, "is_new": true, "avr_score": "0.00"}}, {"model": "testsuite.testresult", "pk": 6, "fields": {"user": 1, "test": 1, "datetime_run": "2020-11-22T17:56:12.607Z", "is_completed": true, "is_new": false, "avr_score": "4.00"}}, {"model": "testsuite.testresult", "pk": 7, "fields": {"user": 1, "test": 1, "datetime_run": "2020-11-22T17:56:52.101Z", "is_completed": true, "is_new": false, "avr_score": "3.33"}}, {"model": "testsuite.testresult", "pk": 8, "fields": {"user": 2, "test": 1, "datetime_run": "2020-11-22T17:58:15.065Z", "is_completed": false, "is_new": true, "avr_score": "0.00"}}, {"model": "testsuite.testresult", "pk": 9, "fields": {"user": 2, "test": 1, "datetime_run": "2020-11-22T18:00:41.297Z", "is_completed": true, "is_new": false, "avr_score": "4.00"}}, {"model": "testsuite.testresult", "pk": 10, "fields": {"user": 2, "test": 1, "datetime_run": "2020-11-22T18:29:59.475Z", "is_completed": true, "is_new": false, "avr_score": "4.00"}}, {"model": "testsuite.testresult", "pk": 11, "fields": {"user": 2, "test": 1, "datetime_run": "2020-11-22T18:30:21.377Z", "is_completed": true, "is_new": false, "avr_score": "3.33"}}, {"model": "testsuite.testresult", "pk": 12, "fields": {"user": 2, "test": 1, "datetime_run": "2020-11-22T18:31:12.809Z", "is_completed": true, "is_new": false, "avr_score": "3.33"}}, {"model": "testsuite.testresult", "pk": 13, "fields": {"user": 2, "test": 1, "datetime_run": "2020-11-25T07:41:20.630Z", "is_completed": true, "is_new": false, "avr_score": "4.00"}}, {"model": "testsuite.testresult", "pk": 14, "fields": {"user": 2, "test": 1, "datetime_run": "2020-11-25T07:48:07.130Z", "is_completed": true, "is_new": false, "avr_score": "2.83"}}, {"model": "testsuite.testresult", "pk": 15, "fields": {"user": 2, "test": 1, "datetime_run": "2020-11-25T18:45:39.362Z", "is_completed": true, "is_new": false, "avr_score": "3.00"}}, {"model": "testsuite.testresult", "pk": 16, "fields": {"user": 1, "test": 1, "datetime_run": "2020-11-26T07:53:21.538Z", "is_completed": true, "is_new": false, "avr_score": "4.00"}}]